model,k,alert_rate,fraud_found,precision_at_k,recall_at_k
hist_gradient_boosting,345,0.0009995827828384674,165,0.4782608695652174,0.05338078291814947
logistic_regression,345,0.0009995827828384674,345,1.0,0.11161436428340343
no_fraud_prior,345,0.0009995827828384674,3,0.008695652173913044,0.0009705596894208993
hist_gradient_boosting,1726,0.005000811255591869,711,0.4119351100811124,0.23002264639275316
logistic_regression,1726,0.005000811255591869,713,0.4130938586326767,0.2306696861857004
no_fraud_prior,1726,0.005000811255591869,21,0.01216685979142526,0.006793917825946296
hist_gradient_boosting,3451,0.009998725169784206,752,0.21790785279629094,0.2432869621481721
logistic_regression,3451,0.009998725169784206,756,0.21906693711967545,0.24458104173406664
no_fraud_prior,3451,0.009998725169784206,36,0.010431758910460736,0.011646716273050793
