model,split,threshold,fraud_prevalence,average_precision,roc_auc,precision,recall,f1,true_negatives,false_positives,false_negatives,true_positives,alert_count,feature_set,phase5_average_precision,phase5_roc_auc,phase5_precision,phase5_recall,phase5_f1,delta_average_precision,delta_roc_auc,delta_precision,delta_recall,delta_f1
hist_gradient_boosting,test,0.9901019125241544,0.008955682265952761,0.13095015770213533,0.6327369557474904,0.5135135135135135,0.2274344872209641,0.31524663677130044,341387,666,2388,703,1369,phase5_baseline,0.13095015770213533,0.6327369557474904,0.5135135135135135,0.2274344872209641,0.31524663677130044,0.0,0.0,0.0,0.0,0.0
hist_gradient_boosting,test,0.8450057146377485,0.008955682265952761,0.2572498417592266,0.6580346788590203,0.5609296482412061,0.28890326755095436,0.38137945761264147,341354,699,2198,893,1592,behavior_unlabeled,0.13095015770213533,0.6327369557474904,0.5135135135135135,0.2274344872209641,0.31524663677130044,0.12629968405709127,0.02529772311152989,0.04741613472769257,0.06146878032999026,0.06613282084134103
hist_gradient_boosting,test,0.9777063408631064,0.008955682265952761,0.8700589537832709,0.9879850989924794,0.8902121324897655,0.7738595923649304,0.8279681550709588,341758,295,699,2392,2687,behavior_label_history,0.13095015770213533,0.6327369557474904,0.5135135135135135,0.2274344872209641,0.31524663677130044,0.7391087960811356,0.355248143244989,0.376698618976252,0.5464251051439664,0.5127215182996583
logistic_regression,test,0.8634220086997121,0.008955682265952761,0.24452300847087324,0.644283645142568,0.939568345323741,0.21125849239728242,0.3449550977284733,342011,42,2438,653,695,phase5_baseline,0.24452300847087324,0.644283645142568,0.939568345323741,0.21125849239728242,0.3449550977284733,0.0,0.0,0.0,0.0,0.0
logistic_regression,test,0.8799751490462265,0.008955682265952761,0.24956704965712587,0.6664817712211014,0.42391304347826086,0.2523455192494338,0.3163658487122288,340993,1060,2311,780,1840,behavior_unlabeled,0.24452300847087324,0.644283645142568,0.939568345323741,0.21125849239728242,0.3449550977284733,0.0050440411862526235,0.022198126078533442,-0.5156553018454801,0.041087026852151404,-0.028589249016244545
logistic_regression,test,0.9974374558359212,0.008955682265952761,0.8228187796434054,0.9839494977319867,0.8214159915463192,0.7544483985765125,0.7865092748735244,341546,507,759,2332,2839,behavior_label_history,0.24452300847087324,0.644283645142568,0.939568345323741,0.21125849239728242,0.3449550977284733,0.5782957711725322,0.3396658525894187,-0.11815235377742184,0.54318990617923,0.4415541771450511
no_fraud_prior,test,0.5,0.008955682265952761,0.008955682265952761,0.5,0.0,0.0,0.0,342053,0,3091,0,0,phase5_baseline,0.008955682265952761,0.5,0.0,0.0,0.0,0.0,0.0,0.0,0.0,0.0
no_fraud_prior,test,0.5,0.008955682265952761,0.008955682265952761,0.5,0.0,0.0,0.0,342053,0,3091,0,0,behavior_unlabeled,0.008955682265952761,0.5,0.0,0.0,0.0,0.0,0.0,0.0,0.0,0.0
no_fraud_prior,test,0.5,0.008955682265952761,0.008955682265952761,0.5,0.0,0.0,0.0,342053,0,3091,0,0,behavior_label_history,0.008955682265952761,0.5,0.0,0.0,0.0,0.0,0.0,0.0,0.0,0.0
